{"cameraMode":{"drawMode":0,"name":"Shaded","section":"Shading Mode"},"sceneLighting":false,"audioPlay":false,"sceneViewState":{"m_AlwaysRefresh":false,"showFog":true,"showSkybox":false,"showFlares":true,"showImageEffects":true,"showParticleSystems":true,"showVisualEffectGraphs":true,"m_FxEnabled":true},"in2DMode":false,"pivot":{"x":-0.1336342990398407,"y":0.9625025391578674,"z":-0.033168911933898929},"rotation":{"x":-0.21042291820049287,"y":0.028448505327105523,"z":-0.0061284941621124748,"w":-0.9771689176559448},"size":0.6476110816001892,"orthographic":false}