{"cameraMode":{"drawMode":0,"name":"Shaded","section":"Shading Mode"},"sceneLighting":false,"audioPlay":false,"sceneViewState":{"m_AlwaysRefresh":false,"showFog":true,"showSkybox":false,"showFlares":true,"showImageEffects":true,"showParticleSystems":true,"showVisualEffectGraphs":true,"m_FxEnabled":true},"in2DMode":false,"pivot":{"x":0.5905724167823792,"y":0.534797728061676,"z":-0.06002914533019066},"rotation":{"x":0.07992284744977951,"y":-0.7270389199256897,"z":0.0858980193734169,"w":0.6764906048774719},"size":0.15850558876991273,"orthographic":false}